{
  "project_info": {
    "project_number": "700480855403",
    "firebase_url": "https://nodemcudemo2-1d734.firebaseio.com",
    "project_id": "nodemcudemo2-1d734",
    "storage_bucket": "nodemcudemo2-1d734.appspot.com"
  },
  "client": [
    {
      "client_info": {
        "mobilesdk_app_id": "1:700480855403:android:89b9d093cad63af4ebc02e",
        "android_client_info": {
          "package_name": "com.example.temperatureandhumidity"
        }
      },
      "oauth_client": [
        {
          "client_id": "700480855403-ofluse4n9v8pa29rjepatn1hlfpsdrb5.apps.googleusercontent.com",
          "client_type": 1,
          "android_info": {
            "package_name": "com.example.temperatureandhumidity",
            "certificate_hash": "b1e3c51f21c8ac2fc14fc94b448cdf23eb4b38b9"
          }
        },
        {
          "client_id": "700480855403-cj0cb1mmce0ft1u1vdii77sovnstc90h.apps.googleusercontent.com",
          "client_type": 3
        }
      ],
      "api_key": [
        {
          "current_key": "AIzaSyAH4Wk4DmxF32vI_-o8oqSK1jS71BeY5-0"
        }
      ],
      "services": {
        "appinvite_service": {
          "other_platform_oauth_client": [
            {
              "client_id": "700480855403-cj0cb1mmce0ft1u1vdii77sovnstc90h.apps.googleusercontent.com",
              "client_type": 3
            }
          ]
        }
      }
    }
  ],
  "configuration_version": "1"
}